"No.","Zone Name","Zone Channel Member","A Channel","B Channel"
"1","01-A-WECG","Church-U|Lookout-U|Ferndale-U|Conni-V|Conni-U|Courthouse-U|Sumas-V|Blaine-V|Sumas-U|Blaine-U|King-V|King-U|Squalicum-V|Squalicum-U|Lyman-V|Lyman-U442.4|Lyman-U444.5|Cultus-U|PtRoberts-U|SuddenVal-U|NationalCall-U|446500|447000|145780|146430|146460|146480|146490|146500|NationalCall-V|146540|146550|146560|146580|147420|147440|147450|147480|147510|147540|147570|145.5800|147.5600|145.0200|144.9200|14754-T146.2|14642-T156.7|14646-T156.7|14650-T156.7|14654-T100|14656-T103.5|14658-T103.5|14658-T156.7|44582-T146.2|MtSicker-V|Survey-U|SumasBC-V|Vancouver-V5.21|Pemberton-V|SaltSpring-V|Chemainus-V|SumasBC-U|MtSeymour-V|MtSeymour-U|WhiteRock-V|Vancouver-V5.27|MtMcDonald-V|Sequim-V|GoldMtn-V|Lynwood-V|Everett-V5.39|Everett-V7.18|PortAngeles-V|PortTownsend-V|NorthPoint-V|WhidbeyN-V|GreenMt-V|WhidbeyS-V|NorthBend-V|Tacoma-V|GrassMtn-V|SquakMtn-V|Baldi-V|Snoqualmie-V|BawFawPeak-V|Orcas-V|MtErie-U|Anacortes-U|SAR|SAR 2|SAR 3|SAR 4|SAR 5|OSCCR|APRS","Church-U","Church-U"
"2","02-A-Whatcom Ham","145780|14642-T156.7|146430|146460|14646-T156.7|146480|146490|146500|14650-T156.7|146540|14654-T100|146550|146560|14656-T103.5|146580|14658-T103.5|14658-T156.7|147420|147440|147450|147480|147510|147540|14754-T146.2|147570|44582-T146.2|446500|447000|Anacortes-U|Baldi-V|BawFawPeak-V|Blaine-U|Blaine-V|Chemainus-V|Church-U|Conni-U|Conni-V|Courthouse-U|Cultus-U|Everett-V5.39|Everett-V7.18|Ferndale-U|GoldMtn-V|GrassMtn-V|GreenMt-V|King-V|King-U|Lookout-U|Lyman-U442.4|Lyman-U444.5|Lyman-V|Lynwood-V|MtErie-U|MtMcDonald-V|MtSeymour-U|MtSeymour-V|MtSicker-V|NationalCall-U|NationalCall-V|NorthBend-V|NorthPoint-V|Orcas-V|Pemberton-V|PortAngeles-V|PortTownsend-V|PtRoberts-U|SaltSpring-V|Sequim-V|Snoqualmie-V|SquakMtn-V|Squalicum-U|Squalicum-V|SuddenVal-U|SumasBC-U|SumasBC-V|Sumas-U|Sumas-V|Survey-U|Tacoma-V|Vancouver-V5.21|Vancouver-V5.27|WhidbeyN-V|WhidbeyS-V|WhiteRock-V","Conni-V","Lookout-U"
"3","03-A-Whatcom PS","B'ham FD t|B'ham PD Disp|B'ham PD Spec 1|B'ham PD Spec 2|B'ham PD Spec 3|B'ham PD Tac 1|B'ham PD Tac 2|B'ham PW/Park|B'ham Transit|Blaine PW 1|Chuck Fire|Ferndale FD 2125|Ferndale FD 2275|Ferndale FD 3175|Ferndale FD 3325|Ferndale FD 3475|Ferndale FD 3625|Ferndale FD 4225|Ferndale FD 4375|Ferndale PW|LERN|Lynden Fire 3.84|Lynden Fire 4.07|Lynden Fire 4.11|Lynden Fire 5.88|Lynden Fire 8.92|Lynden PD/PW|NRC 453.0875|NRC 453.9625|NRC 458.025|OSCCR|Port B'ham PD|SAR|SAR 2|SAR 3|SAR 4|SAR 5|Sumas PD/PW|WC Adm/Maint|WC Fire 1|WC Fire 2|WC Fire 3|WC Fire 3.1875|WC Fire 3.5875|WC Fire 4|WC Fire 5|WC Fire 6|WC Fire 7|WC FireTac10|WC FireTac11|WC FireTac12|WC FireTac8|WC FireTac9|WC Jail Ops|WC Parks|WC PUD Dist1|WCFD VehRptr|WCSO Disp|WCSO East|WCSO Jail 1|WCSO Jail 2|WCSO Rural|WWU PD Admin|WWU PD Disp","B'ham PD Disp","WCSO Disp"
"4","04-B'ham/Lkout U","B'ham AudTst 2|B'ham BC 1|B'ham Bridge 2|B'ham Cal 1|B'ham Canada 2|B'ham Comm 1|B'ham CscdsE 1|B'ham DCI 1|B'ham DCI 2|B'ham Hawaii 1|B'ham I5|B'ham Idaho 1|B'ham Local 1|B'ham Local 2|B'ham Montana 2|B'ham NA 2|B'ham Net 2|B'ham Oregon 1|B'ham Parrot 1|B'ham PNW 1|B'ham PNW 2|B'ham PNW Reg 2|B'ham PS 1|B'ham PS 2|B'ham TAC 1|B'ham TAC 2|B'ham TAC 3|B'ham TAC 310|B'ham TAC 311|B'ham TAC 313|B'ham TAC 314|B'ham TAC 319|B'ham USA 2|B'ham WASH 1|B'ham WASH 2|B'ham WW 2|B'ham WW Eng 2","B'ham WASH 2","B'ham Local 2"
"5","05-B'ham/Lkout V","B'ham/AudTst 2|B'ham/BC 1|B'ham/Bridge 2|B'ham/Cal 1|B'ham/Canada 2|B'ham/Comm 1|B'ham/CscdsE 1|B'ham/DCI 1|B'ham/DCI 2|B'ham/I5|B'ham/Idaho 1|B'ham/Local 1|B'ham/Local 2|B'ham/Montana 2|B'ham/NA 2|B'ham/Net 2|B'ham/Oregon1|B'ham/Parrot 1|B'ham/PNW 1|B'ham/PNW 2|B'ham/PNW Reg 2|B'ham/PS 1|B'ham/PS 2|B'ham/TAC 1|B'ham/TAC 2|B'ham/TAC 3|B'ham/TAC 310|B'ham/TAC 311|B'ham/TAC 313|B'ham/TAC 314|B'ham/TAC 319|B'ham/USA 2|B'ham/WASH 1|B'ham/WASH 2|B'ham/WW 2|B'ham/WW Eng 2","B'ham/WASH 2","B'ham/Local 2"
"6","06-Bremer/Gold U","Gold AudTst 2|Gold BC 1|Gold Bridge 2|Gold Cal 1|Gold Canada 2|Gold Comm 1|Gold CscdsE 1|Gold DCI 1|Gold DCI 2|Gold Hawaii 1|Gold I5|Gold Local 1|Gold Local 2|Gold Montana 2|Gold Net 2|Gold Oregon 1|Gold Parrot 1|Gold PNW 1|Gold PNW 2|Gold PNW Reg 2|Gold PS 1|Gold PS 2|Gold TAC 1|Gold TAC 2|Gold TAC 3|Gold TAC 310|Gold TAC 311|Gold TAC 312|Gold TAC 313|Gold TAC 314|Gold TAC 319|Gold USA 2|Gold WASH 1|Gold WASH 2|Gold WW 2|Gold WW Eng 2","Gold WASH 2","Gold Local 2"
"7","07-Elbg/MosesL U","SunEU AudTst 2|SunEU BC 1|SunEU Bridge 2|SunEU Cal 1|SunEU Canada 2|SunEU Comm 1|SunEU CscdsE 1|SunEU DCI 1|SunEU DCI 2|SunEU Idaho 1|SunEU Local 1|SunEU Local 2|SunEU Montana 2|SunEU Net 2|SunEU Oregon 1|SunEU Parrot 1|SunEU PNW 1|SunEU PNW 2|SunEU PNW Reg 2|SunEU PS 1|SunEU PS 2|SunEU TAC 1|SunEU TAC 2|SunEU TAC 3|SunEU TAC 310|SunEU TAC 311|SunEU TAC 313|SunEU TAC 314|SunEU TAC 319|SunEU USA 2|SunEU WASH 1|SunEU WASH 2","SunEU WASH 2","SunEU Local 2"
"8","08-Ellensburg V","SunEV AudTst 2|SunEV BC 1|SunEV Bridge 2|SunEV Comm 1|SunEV CscdsE 1|SunEV I5|SunEV Idaho 1|SunEV Local 1|SunEV Local 2|SunEV Net 2|SunEV Oregon 1|SunEV Parrot 1|SunEV PNW 1|SunEV PNW 2|SunEV PNW Reg 2|SunEV PS 1|SunEV PS 2|SunEV TAC 1|SunEV TAC 2|SunEV TAC 3|SunEV TAC 310|SunEV USA 2|SunEV WASH 1|SunEV WASH 2","SunEV WASH 2","SunEV Local 2"
"9","09-Ever/Sumas U","Ever AudTst 2|Ever CscdsE 1|Ever EmComm 1|Ever EmComm 2|Ever Local 1|Ever Local 2|Ever Parrot 1|Ever PNW 1|Ever PNW 2|Ever PNW Reg2|Ever PS 1|Ever PS 2|Ever TAC 1|Ever WASH 1|Ever WASH 2","Ever PS 2","Ever WASH 2"
"10","10-Ferndale U","Fern NET 1|Fern NET 2|Fern Parrot PC|Fern PNW Reg 2|Fern TAC 310|Fern TAC 311|Fern TAC 312|Fern TG 2|Fern TG 9|Fern USA 3100|Fern WASH 1|Fern WASH EMCOMM|Fern WASH TAC|Fern WW TG 91|Fern WW TG 913","Fern WASH TAC","Fern WASH EMCOMM"
"11","11-Long/Kel/CH U","ColHgts AudTst 2|ColHgts BC 1|ColHgts Bridge 2|ColHgts Cal 1|ColHgts Hawaii 1|ColHgts I5|ColHgts Idaho 1|ColHgts Local 1|ColHgts Local 2|ColHgts MTN 2|ColHgts NA 2|ColHgts Oregon 1|ColHgts Parrot 1|ColHgts PNW 1|ColHgts PNW 2|ColHgts TAC 1|ColHgts TAC 310|ColHgts TAC 311|ColHgts TAC 312|ColHgts TAC Eng2|ColHgts USA 2|ColHgts WASH 1|ColHgts WASH 2|ColHgts WW 2|ColHgts WW Eng 2","ColHgts WASH 2","ColHgts Local 2"
"12","12-Long/Kel/Rn U","Rainier AudTst 2|Rainier Bridge 2|Rainier BC 1|Rainier Cal 1|Rainier Idaho 1|Rainier I5|Rainier Local 1|Rainier Local 2|Rainier MTN 2|Rainier NA 2|Rainier Oregon 1|Rainier Parrot 1|Rainier PNW 1|Rainier PNW 2|Rainier TAC 1|Rainier TAC 310|Rainier TAC 311|Rainier TAC 312|Rainier TAC Eng2|Rainier USA 2|Rainier WASH 1|Rainier WASH 2|Rainier WW 2|Rainier WW Eng 2","Rainier WASH 2","Rainier Local 2"
"13","13-Mazama U","Maz AudTst 2|Maz BC 1|Maz Bridge 2|Maz Cal 1|Maz Canada 2|Maz Comm 1|Maz Comm 2|Maz CscdsE 1|Maz DCI 1|Maz DCI 2|Maz Fusion 2|Maz I5|Maz Idaho 1|Maz Local 2|Maz Montana 2|Maz Mountain 2|Maz MPRG 1-2|Maz NA 2|Maz Net 2|Maz Oregon 1|Maz Parrot 1|Maz PNW 1|Maz PNW 2|Maz PNW Reg 2|Maz PS 1|Maz PS 2|Maz SNARS 2|Maz TAC 1|Maz TAC 2|Maz TAC 3|Maz TAC 310|Maz TAC 311|Maz TAC 312|Maz TAC 313|Maz TAC 314|Maz TAC 315|Maz TAC 316|Maz TAC 317|Maz TAC 318|Maz TAC 319|Maz TAC Eng 2|Maz USA 2|Maz WASH 1|Maz WASH 2|Maz WW 2|Maz WW Eng 2","Maz WASH 2","Maz Local 2"
"14","14-Mazama V","Maz_AudTst 2|Maz_BC 1|Maz_Bridge 2|Maz_Cal 1|Maz_Canada 2|Maz_Comm 1|Maz_Comm 2|Maz_CscdsE 1|Maz_DCI 1|Maz_DCI 2|Maz_Fusion 2|Maz_I5|Maz_Idaho 1|Maz_Local 1|Maz_Local 2|Maz_Montana 2|Maz_Mountain 2|Maz_NA 2|Maz_Net 2|Maz_Oregon 1|Maz_Parrot 1|Maz_PNW 1|Maz_PNW 2|Maz_PNW Reg 2|Maz_PS 1|Maz_PS 2|Maz_SNARS 2|Maz_TAC 1|Maz_TAC 2|Maz_TAC 3|Maz_TAC 310|Maz_TAC 311|Maz_TAC 312|Maz_TAC 313|Maz_TAC 314|Maz_TAC 319|Maz_TAC Eng 2|Maz_USA 2|Maz_WASH 1|Maz_WASH 2|Maz_WW 2|Maz_WW Eng 2","Maz_WASH 2","Maz_Local 2"
"15","15-Oly/CapPk U","Oly AudTst 2|Oly BC 1|Oly Bridge 2|Oly Cal 1|Oly Canada 2|Oly Comm 1|Oly CscdsE 1|Oly DCI 1|Oly DCI 2|Oly Hawaii 1|Oly I5|Oly Idaho 1|Oly Local 1|Oly Local 2|Oly Montana 2|Oly Net 2|Oly Oregon 1|Oly Parrot 1|Oly PNW 1|Oly PNW 2|Oly PNW 2 Reg|Oly PS 1|Oly PS 2|Oly TAC 1|Oly TAC 2|Oly TAC 3|Oly TAC 310|Oly TAC 311|Oly TAC 313|Oly TAC 314|Oly TAC 319|Oly USA 2|Oly WASH 1|Oly WASH 2|Oly WW 2|Oly WW Eng 2","Oly WASH 2","Oly Local 2"
"16","16-Oso/Frailey U","Oso AudTst 2|Oso BC 1|Oso Bridge 2|Oso Cal 1|Oso Comm 1|Oso Comm 2|Oso CscdsE 1|Oso DCI 1|Oso DCI 2|Oso Hawaii 1|Oso I5|Oso Local 1|Oso Local 2|Oso Mountain 2|Oso NA 2|Oso Net 2|Oso Oregon 1|Oso Parrot 1|Oso PNW 1|Oso PNW 2|Oso PNW Reg 2|Oso PS 1|Oso PS 2|Oso TAC 1|Oso TAC 2|Oso TAC 310|Oso TAC 311|Oso TAC 312|Oso TAC 313|Oso TAC 314|Oso TAC 319|Oso Tac Eng 2|Oso USA 2|Oso WASH 1|Oso WASH 2|Oso WW 2|Oso WW Eng 2","Oso WASH 2","Oso Local 2"
"17","17-SEA/Cougar U","Cougar AudTst 2|Cougar BC 1|Cougar Bridge 2|Cougar Cal 1|Cougar Canada 2|Cougar Comm 1|Cougar Comm 2|Cougar CscdsE 1|Cougar DCI 1|Cougar DCI 2|Cougar Fusion 2|Cougar Hawaii 1|Cougar I5|Cougar Local 1|Cougar Local 2|Cougar MTN 2|Cougar NA 2|Cougar Net 2|Cougar Oregon 1|Cougar Parrot 1|Cougar PNW 1|Cougar PNW 2|Cougar PNW Reg 2|Cougar PS 1|Cougar PS 2|Cougar SNARS 2|Cougar TAC 1|Cougar TAC 2|Cougar TAC 310|Cougar TAC 311|Cougar TAC 312|Cougar TAC 313|Cougar TAC 314|Cougar TAC 319|Cougar TAC Eng 2|Cougar USA 2|Cougar WASH 1|Cougar WASH 2|Cougar WW 2|Cougar WW Eng 2","Cougar WASH 2","Cougar Local 2"
"18","18-SEA/Metro U","Metro AudTst 2|Metro BC 1|Metro Bridge 2|Metro Cal 1|Metro Canada 2|Metro Comm 1|Metro Comm 2|Metro CscdsE 1|Metro DCI 1|Metro DCI 2|Metro Fusion 2|Metro Hawaii 1|Metro I5|Metro Local 1|Metro Local 2|Metro MNT 2|Metro NA 2|Metro Net 2|Metro Oregon 1|Metro Parrot 1|Metro PNW 1|Metro PNW 2|Metro PNW Reg 2|Metro PS 1|Metro PS 2|Metro SNARS 2|Metro TAC 1|Metro TAC 2|Metro TAC 310|Metro TAC 311|Metro TAC 312|Metro TAC 313|Metro TAC 314|Metro TAC 319|Metro TAC Eng|Metro USA 2|Metro WASH 1|Metro WASH 2|Metro Worldwide|Metro WW English","Metro WASH 2","Metro Local 2"
"19","19-SEA/Tiger U","Tiger AudTst 2|Tiger BC 1|Tiger Bridge 2|Tiger Cal 1|Tiger Canada 2|Tiger Comm 1|Tiger Comm 2|Tiger CscdsE 1|Tiger DCI 1|Tiger DCI 2|Tiger Fusion 2|Tiger Hawaii 1|Tiger I5|Tiger Local 1|Tiger Local 2|Tiger MNT 2|Tiger NA 2|Tiger Net 2|Tiger Oregon 1|Tiger Parrot 1|Tiger PNW 1|Tiger PNW 2|Tiger PNW Reg 2|Tiger PS 1|Tiger PS 2|Tiger SNARS 2|Tiger TAC 1|Tiger TAC 2|Tiger TAC 310|Tiger TAC 311|Tiger TAC 312|Tiger TAC 313|Tiger TAC 314|Tiger TAC 319|Tiger TAC Englis|Tiger USA 2|Tiger WASH 1|Tiger WASH 2|Tiger Worldwide|Tiger WW English","Tiger WASH 2","Tiger Local 2"
"20","20-Snoq/Rtlsnk V","Sno AudTst 2|Sno BC 1|Sno Bridge 2|Sno Comm 1|Sno CscdsE 1|Sno I5|Sno Idaho 1|Sno Local 1|Sno Local 2|Sno Net 2|Sno Oregon 1|Sno Parrot 1|Sno PNW 1|Sno PNW 2|Sno PNW Reg 2|Sno PS 1|Sno PS 2|Sno TAC 1|Sno TAC 2|Sno TAC 3|Sno TAC 310|Sno USA 2|Sno WASH 1|Sno WASH 2","Sno WASH 2","Sno Local 2"
"21","21-Spo/Krell U","Spo-AudTst 2|Spo-BC 1|Spo-CscdsE 1|Spo-Idaho 1|Spo-Local 1|Spo-Local 2|Spo-Mountain 2|Spo-NA 2|Spo-Net 2|Spo-Oregon 1|Spo-Parrot 1|Spo-PNW 1|Spo-PNW 2|Spo-PNW Reg 2|Spo-PS 1|Spo-PS 2|Spo-SNARS 2|Spo-TAC 1|Spo-TAC 2|Spo-TAC 3|Spo-TAC 310|Spo-TAC 311|Spo-TAC 312|Spo-USA 2|Spo-WASH 1|Spo-WASH 2","Spo-WASH 2","Spo-Local 2"
"22","22-Spo/Krell V","Spo_AudTst 2|Spo_BC 1|Spo_CscdsE 1|Spo_I5|Spo_Idaho 1|Spo_Local 1|Spo_Local 2|Spo_Mountain 2|Spo_NA 2|Spo_Net 2|Spo_Oregon 1|Spo_Parrot 1|Spo_PNW 1|Spo_PNW 2|Spo_PNW Reg 2|Spo_PS 1|Spo_PS 2|Spo_SNARS 2|Spo_TAC 1|Spo_TAC 2|Spo_TAC 3|Spo_TAC 310|Spo_TAC 312|Spo_USA 2|Spo_WASH 1|Spo_WASH 2","Spo_WASH 2","Spo_Local 2"
"23","23-Spo/LkOutPt U","Spo AudTst 2|Spo BC 1|Spo CscdsE 1|Spo Idaho 1|Spo Local 1|Spo Local 2|Spo Mountain 2|Spo NA 2|Spo Net 2|Spo Oregon 1|Spo Parrot 1|Spo PNW 1|Spo PNW 2|Spo PNW Reg 2|Spo PS 1|Spo PS 2|Spo SNARS 2|Spo TAC 1|Spo TAC 2|Spo TAC 3|Spo TAC 310|Spo TAC 311|Spo TAC 312|Spo USA 2|Spo WASH 1|Spo WASH 2","Spo WASH 2","Spo Local 2"
"24","24-Sltan/Hayst U","Hay Idaho 1|Hay I5|Hay Local 1|Hay Local 2|Hay Oregon 1|Hay Parrot 1|Hay PNW 2|Hay TAC 310|Hay TAC 311|Hay TAC 312|Hay WASH 1|Hay WASH 2","Hay WASH 2","Hay Local 2"
"25","25-SW WA/Ariel V","WA SW AudTst 2|WA SW BC 1|WA SW Bridge 2|WA SW Cal 1|WA SW Canada 2|WA SW Comm 1|WA SW CscdsE 1|WA SW DCI 1|WA SW DCI 2|WA SW I5|WA SW Local 1|WA SW Local 2|WA SW Montana 2|WA SW NA 2|WA SW Net 2|WA SW Oregon 1|WA SW Parrot 1|WA SW PNW 1|WA SW PNW 2|WA SW PNW Reg 2|WA SW PS 1|WA SW PS 2|WA SW TAC 1|WA SW TAC 2|WA SW TAC 3|WA SW TAC 310|WA SW TAC 311|WA SW TAC 312|WA SW TAC 313|WA SW TAC 314|WA SW TAC 319|WA SW USA 2|WA SW WASH 1|WA SW WASH 2|WA SW WW 2","WA SW WASH 2","WA SW Local 2"
"26","26-SW WA/BaFa U","BawFaw AudTst 2|BawFaw BC 1|BawFaw Bridge 2|BawFaw Cal 1|BawFaw Canada 2|BawFaw Comm 1|BawFaw CscdsE 1|BawFaw DCI 1|BawFaw DCI 2|BawFaw I5|BawFaw Local 1|BawFaw Local 2|BawFaw Montana 2|BawFaw NA 2|BawFaw Net 2|BawFaw Oregon 1|BawFaw Parrot 1|BawFaw PNW 1|BawFaw PNW 2|BawFaw PNW Reg 2|BawFaw PS 1|BawFaw PS 2|BawFaw TAC 1|BawFaw TAC 2|BawFaw TAC 3|BawFaw TAC 310|BawFaw TAC 311|BawFaw TAC 312|BawFaw TAC 313|BawFaw TAC 314|BawFaw TAC 319|BawFaw USA 2|BawFaw WASH 1|BawFaw WASH 2|BawFaw WW 2","BawFaw WASH 2","BawFaw Local 2"
"27","27-Tac/Baldi U","Baldi AudTst 2|Baldi BC 1|Baldi Bridge 2|Baldi Cal 1|Baldi Canada 2|Baldi Comm 1|Baldi Comm 2|Baldi CscdsE 1|Baldi DCI 1|Baldi DCI 2|Baldi Fusion 2|Baldi Hawaii 1|Baldi I5|Baldi Local 1|Baldi Local 2|Baldi Mountain 2|Baldi NA 2|Baldi Net 2|Baldi Oregon 1|Baldi Parrot 1|Baldi PNW 1|Baldi PNW 2|Baldi PNW Reg 2|Baldi PS 1|Baldi PS 2|Baldi SNARS 2|Baldi TAC 1|Baldi TAC 2|Baldi TAC 310|Baldi TAC 311|Baldi TAC 312|Baldi TAC 313|Baldi TAC 314|Baldi TAC 319|Baldi TAC Eng 2|Baldi USA 2|Baldi WASH 1|Baldi WASH 2|Baldi WW 2|Baldi WW Eng 2","Baldi WASH 2","Baldi Local 2"
"28","28-Tac/Ruston U","Ruston AudTst 2|Ruston BC 1|Ruston Bridge 2|Ruston Cal 1|Ruston Canada 2|Ruston Comm 1|Ruston CscdsE 1|Ruston DCI 1|Ruston DCI 2|Ruston Hawaii 1|Ruston I5|Ruston Local 1|Ruston Local 2|Ruston Montana 2|Ruston NA 2|Ruston Net 2|Ruston Oregon 1|Ruston Parrot 1|Ruston PNW 1|Ruston PNW 2|Ruston PNW Reg 2|Ruston PS 1|Ruston PS 2|Ruston TAC 1|Ruston TAC 2|Ruston TAC 3|Ruston TAC 310|Ruston TAC 311|Ruston TAC 313|Ruston TAC 314|Ruston TAC 319|Ruston USA 2|Ruston WASH 1|Ruston WASH 2|Ruston WW 2|Ruston WW Eng 2","Ruston WASH 2","Ruston Local 2"
"29","29-TriCities V","TC AudTst 2|TC BC 1|TC Bridge 2|TC Canada 2|TC Comm 1|TC CscdsE 1|TC Idaho 1|TC Local 1|TC Local 2|TC Montana 2|TC Mountain 2|TC NA 2|TC Net 2|TC Oregon 1|TC Parrot 1|TC PNW 1|TC PNW 2|TC PNW Reg 2|TC PS 1|TC PS 2|TC TAC 1|TC TAC 2|TC TAC 3|TC TAC 310|TC TAC 319|TC USA 2|TC WASH 1|TC WASH 2","TC WASH 2","TC Local 2"
"30","30-Valley Camp U","VC AudTst 2|VC BC 1|VC Comm 1|VC CscdsE 1|VC I5|VC Idaho 1|VC Local 1|VC Local 2|VC Net 2|VC Oregon 1|VC Parrot 1|VC PNW 1|VC PNW 2|VC PNW Reg 2|VC PS 1|VC PS 2|VC TAC 1|VC TAC 2|VC TAC 3|VC USA 2|VC WASH 1|VC WASH 2","VC WASH 2","VC Local 2"
"31","31-Wenatchee U","Wen AudTst 2|Wen BC 1|Wen Bridge 2|Wen Cal 1|Wen Canada2|Wen Comm 1|Wen CscdsE 1|Wen DCI 1|Wen DCI 2|Wen Idaho 1|Wen Local 1|Wen Local 2|Wen Montana 2|Wen Net 2|Wen Oregon 1|Wen Parrot 1|Wen PNW 1|Wen PNW 2|Wen PNW Reg 2|Wen PS 1|Wen PS 2|Wen TAC 1|Wen TAC 2|Wen TAC 3|Wen TAC 310|Wen TAC 311|Wen TAC 313|Wen TAC 314|Wen TAC 319|Wen USA|Wen WASH 1|Wen WASH 2","Wen WASH 2","Wen Local 2"
"32","32-Yakima/Elep V","Yakima BC 1|Yakima Canada 2|Yakima Comm 1|Yakima CscdsE 1|Yakima Idaho 1|Yakima Local 1|Yakima Local 2|Yakima Montana 2|Yakima NA 2|Yakima Net 2|Yakima Oregon 1|Yakima Parrot 1|Yakima PNW 1|Yakima PNW 2|Yakima PNW Reg 2|Yakima PS 1|Yakima PS 2|Yakima TAC 1|Yakima TAC 2|Yakima TAC 3|Yakima TAC 310|Yakima TAC 319|Yakima USA 2|Yakima WASH 1|Yakima WASH 2","Yakima WASH 2","Yakima Local 2"
"33","33-BC Mt.Seymour","Seymour Alberta2|Seymour BC 1|Seymour BC 2|Seymour Bridge 2|Seymour Canada 2|Seymour Comm 1|Seymour Comm 2|Seymour DCI 1|Seymour DCI 2|Seymour I5|Seymour Loc Net|Seymour Manitoba|Seymour NA 2|Seymour NewBruns|Seymour Ontario2|Seymour PNW 1|Seymour PNW 2|Seymour TAC 310|Seymour UAEng113|Seymour UAEng123|Seymour WASH 1|Seymour WASH 2|Seymour WW Eng 2|Seymour WW 2","Seymour WASH 2","Seymour Loc Net"
"34","34-BC Westminstr","NW Alberta 2|NW BC 1|NW BC 2|NW Bridge 2|NW Canada 2|NW Comm 1|NW Comm 2|NW DCI 1|NW DCI 2|NW I5|NW Local Net 1|NW Manitoba 2|NW NA 2|NW New Brunswick|NW Ontario 2|NW PNW 1|NW PNW 2|NW TAC 310|NW UA Eng 113|NW UA Eng 123|NW WASH 1|NW WASH 2|NW WW Eng 2|NW WW 2","NW WASH 2","NW Local Net 1"
"35","35-ID CoeurdAlen","CDA AudTst 2|CDA Bridge 2|CDA CscdsE 1|CDA Idaho 1|CDA Idaho ARES 2|CDA Local 1|CDA Local 2|CDA Montana 2|CDA Mountain 2|CDA MPRG 2|CDA Net 2|CDA Oregon 1|CDA Parrot 1|CDA PNW 1|CDA PNW 2|CDA PNW Reg 2|CDA PS 1|CDA PS 2|CDA SNARS 2|CDA TAC 1|CDA TAC 2|CDA TAC 3|CDA TAC 310|CDA TAC 311|CDA TAC 312|CDA TAC 313|CDA TAC 314|CDA TAC 315|CDA TAC 316|CDA TAC 317|CDA TAC 318|CDA TAC 319|CDA WASH 1|CDA WASH 2","CDA WASH 2","CDA Local 2"
"36","36-OR-N Buxton U","Buxton AudTst 2|Buxton I5|Buxton Local 1|Buxton Local 2|Buxton Oregon 1|Buxton Parrot 1|Buxton PNW 1|Buxton PNW 2|Buxton WASH 1|Buxton WASH 2","Buxton WASH 2","Buxton Local 2"
"37","37-OR-N Colton U","Colton AudTst 2|Colton I5|Colton Local 1|Colton Local 2|Colton Oregon 1|Colton Parrot 1|Colton PNW 1|Colton PNW 2|Colton WASH 1|Colton WASH 2|Cougar WASH 2|Cougar WW 2|Cougar WW Eng 2","Cougar WASH 2","Colton Local 2"
"38","38-OR-N Hebo U","Hebo AudTst 2|Hebo I5|Hebo Local 1|Hebo Local 2|Hebo Oregon 1|Hebo Parrot 1|Hebo PNW 1|Hebo PNW 2","Hebo Local 2","Hebo PNW 2"
"39","39-OR-N Hood U","Hood AudTst 2|Hood I5|Hood Local 1|Hood Local 2|Hood Oregon 1|Hood Parrot 1|Hood PNW 1|Hood PNW 2","Hood AudTst 2","Hood Local 2"
"40","40-OR-N Megler U","Megler AudTst 2|Megler I5|Megler Local 1|Megler Local 2|Megler Oregon 1|Megler Parrot 1|Megler PNW 1|Megler PNW 2|Megler WASH 1|Megler WASH 2","Megler PNW 2","Megler Local 2"
"41","41-OR-N PDX U","Portland AudTst2|Portland I5|Portland Local 1|Portland Local 2|Portland Oregon1|Portland Parrot1|Portland PNW 1|Portland PNW 2|Portland WASH 1|Portland WASH 2","Portland WASH 2","Portland Local 2"
"42","42-OR-N Redmnd U","Redmond AudTst 2|Redmond I5|Redmond Local 1|Redmond Local 2|Redmond Oregon 1|Redmond Parrot 1|Redmond PNW 1|Redmond PNW 2|Redmond WASH 1|Redmond WASH 2","Redmond WASH 2","Redmond Local 2"
"43","43-OR-N VanHsp V","Van_AudTst 2|Van_I5|Van_Local 1|Van_Local 2|Van_Oregon 1|Van_Parrot 1|Van_PNW 1|Van_PNW 2|Van_WASH 1|Van_WASH 2","Van_Local 2","Van_Local 1"
"44","44-OR-N VanLch U","Van AudTst 2|Van I5|Van Local 1|Van Local 2|Van Oregon 1|Van Parrot 1|Van PNW 1|Van PNW 2|Van WASH 1|Van WASH 2","Van WASH 2","Van Local 2"
"45","45-OR-S Newbrg U","Newberg AudTst 2|Newberg BC 1|Newberg Bridge 2|Newberg Comm 1|Newberg DCI 1|Newberg DCI 2|Newberg I5|Newberg Local 1|Newberg Local 2|Newberg MTN 2|Newberg NA 2|Newberg Oregon 1|Newberg Parrot 1|Newberg PNW 1|Newberg PNW 2|Newberg SNARS 2|Newberg TAC 310|Newberg USA 2|Newberg WASH 1|Newberg WASH 2|Newberg WW 2|Newberg WW Eng 2","Newberg WASH 2","Newberg Local 2"
"46","46-OR-S SalemH U","SalemHM AudTst 2|SalemHM BC 1|SalemHM Bridge 2|SalemHM Comm 1|SalemHM DCI 1|SalemHM DCI 2|SalemHM I5|SalemHM Local 1|SalemHM Local 2|SalemHM MTN 2|SalemHM NA 2|SalemHM Oregon 1|SalemHM Parrot 1|SalemHM PNW 1|SalemHM PNW 2|SalemHM SNARS 2|SalemHM TAC 310|SalemHM USA 2|SalemHM WASH 1|SalemHM WASH 2|SalemHM WW 2|SalemHM WW Eng 2","SalemHM WASH 2","SalemHM Local 2"
"47","47-OR-S SalemO U","SalemOd AudTst 2|SalemOd BC 1|SalemOd Bridge 2|SalemOd Comm 1|SalemOd DCI 1|SalemOd DCI 2|SalemOd I5|SalemOd Local 1|SalemOd Local 2|SalemOd MTN 2|SalemOd NA 2|SalemOd Oregon 1|SalemOd Parrot 1|SalemOd PNW 1|SalemOd PNW 2|SalemOd SNARS 2|SalemOd TAC 310|SalemOd USA 2|SalemOd WASH 1|SalemOd WASH 2|SalemOd WW Eng 2","SalemOd AudTst 2","SalemOd BC 1"
"48","48-HSpot BM","BM Alaska|BM Arizona|BM Audio Test|BM Bridge|BM California|BM Hawaii|BM Idaho|BM Michigan 1|BM Minnesota|BM Montana|BM Mountain|BM MPRG|BM NA2|BM Net 1|BM Net 2|BM NorCal|BM Oregon|BM PAPA|BM Parrot PC|BM PNW Reg 2|BM SNARS|BM SoCal|BM TAC 310|BM TAC 311|BM TAC 312|BM Texas|BM TG9|BM Utah|BM WASH 1|BM WASH EMCOMM|BM WASH TAC","BM TAC 310","BM Net 2"
"49","49-HSpot Bridget","Bridget AudTst 2|Bridget CscdsE|Bridget I5|Bridget Idaho 1|Bridget Oregon 1|Bridget Parrot 1|Bridget PNW 1|Bridget PNW 2|Bridget PNW Reg2|Bridget PS 1|Bridget PS 2|Bridget TAC 1|Bridget TAC 2|Bridget TAC 8|Bridget TG 9|Bridget WASH 1|Bridget WASH 2","Bridget AudTst 2","Bridget CscdsE"
"50","50-HSpot Emma","Emma AudTst 2|Emma CscdsE 1|Emma I5|Emma Idaho 1|Emma Oregon 1|Emma Parrot 1|Emma PNW 1|Emma PNW 2|Emma PNW Reg 2|Emma PS 1|Emma PS 2|Emma TAC 1|Emma TAC 2|Emma TAC 8|Emma TG 9|Emma WASH 1|Emma WASH 2","Emma AudTst 2","Emma CscdsE 1"
"51","51-HSpot Peter","Peter CscdsE 1|Peter Idaho 1|Peter Parrot 1|Peter PNW Reg 2|Peter TAC 1|Peter TAC 2|Peter TAC 8|Peter TG 9|Peter WASH 1|Peter WASH 2","Peter WASH 2","Peter CscdsE 1"
"52","52-HSpot Suzy","Suzy AudTst 2|Suzy CscdsE 1|Suzy Idaho 1|Suzy Montana 2|Suzy MPRG 1-2|Suzy Oregon 1|Suzy Parrot 1|Suzy PNW 1|Suzy PNW 2|Suzy PNW Reg 2|Suzy PS 1|Suzy PS 2|Suzy SNARS 2|Suzy TAC 1|Suzy TAC 8|Suzy TG 9|Suzy WASH 1|Suzy WASH 2","Suzy WASH 2","Suzy PS 2"
"53","53-HSpot Wes","Wes AudTst 2|Wes I5|Wes Oregon 1|Wes Parrot 1|Wes PNW 1|Wes PNW 2|Wes PNW Reg 2|Wes PS 1|Wes PS 2|Wes TAC 1|Wes TAC 2|Wes TAC 8|Wes TG 9|Wes WASH 1|Wes WASH 2","Wes WASH 2","Wes PS 2"
"54","54-HSpot2 Rex","Rex AudTst 2|Rex CscdsE 1|Rex I5|Rex Idaho 1|Rex Oregon 1|Rex Parrot 1|Rex PNW 1|Rex PNW 2|Rex PNW Reg 2|Rex PS 1|Rex PS 2|Rex TAC 2|Rex TAC 1|Rex TAC 8|Rex TG 9|Rex USA 2|Rex WASH 1|Rex WASH 2","Rex WASH 2","Rex PS 2"
"55","55-HSpot2 Wes","Wes2 AudTst 2|Wes2 I5|Wes2 Oregon 1|Wes2 Parrot 1|Wes2 PNW 1|Wes2 PNW 2|Wes2 PNW Reg 2|Wes2 PS 1|Wes2 PS 2|Wes2 TAC 2|Wes2 TAC 1|Wes2 TAC 8|Wes2 TG 9|Wes2 WASH 1|Wes2 WASH 2","Wes2 WASH 2","Wes2 PS 2"
"56","56-HSpot2 BM","BM2 Alaska|BM2 Arizona|BM2 Audio Test|BM2 Bridge|BM2 California|BM2 Hawaii|BM2 Idaho|BM2 Michigan 1|BM2 Minnesota|BM2 Montana|BM2 Mountain|BM2 MPRG|BM2 NA TG 93|BM2 NA2|BM2 Net 1|BM2 Net 2|BM2 NorCal|BM2 Oregon|BM2 PAPA|BM2 Parrot PC|BM2 PNW Reg 2|BM2 SNARS|BM2 SoCal|BM2 TAC 310|BM2 TAC 311|BM2 TAC 312|BM2 Texas|BM2 TG9|BM2 USA 3100|BM2 Utah|BM2 WASH 1|BM2 WASH EMCM 1|BM2 WASH TAC 2|BM2 WW TG 91|BM2 WW TG 913","BM2 WASH TAC 2","BM2 WASH EMCM 1"
"57","57-Bremerton BM","Brem WASH 1|Brem WASH EMCOMM|Brem PNW Reg 2|Brem WASH TAC|Brem Parrot PC|Brem TG 9|Brem TG 2|Brem USA 3100|Brem TAC 311|Brem TAC 312|Brem WW TG 91|Brem WW TG 913|Brem NET 1|Brem TAC 310|Brem Local 2","Brem WASH 1","Brem WASH EMCOMM"
"58","58-Pt Angeles BM","Pt A WASH 1|Pt A WASH EMCOMM|Pt A PNW Reg 2|Pt A WASH TAC|Pt A Parrot PC|Pt A TG 9|Pt A TG 2|Pt A USA 3100|Pt A TAC 311|Pt A TAC 312|Pt A WW TG 91|Pt A WW TG 913|Pt A NET 1|Pt A TAC 310|Pt A Local 2","Pt A WASH 1","Pt A WASH EMCOMM"
"59","59-Sequim BM","Seqm WASH 1|Seqm WASH EMCOMM|Seqm PNW Reg 2|Seqm WASH TAC|Seqm Parrot PC|Seqm TG 9|Seqm TG 2|Seqm USA 3100|Seqm TAC 311|Seqm TAC 312|Seqm WW TG 91|Seqm WW TG 913|Seqm NET 1|Seqm TAC 310|Seqm Local 2","Seqm WASH 1","Seqm WASH EMCOMM"
"60","60-Sehome BM","Seho WASH 1|Seho WASH EMCOMM|Seho PNW Reg 2|Seho WASH TAC|Seho Parrot PC|Seho TG 9|Seho TG 2|Seho USA 3100|Seho TAC 311|Seho TAC 312|Seho WW TG 91|Seho WW TG 913|Seho NET 1|Seho TAC 310|Seho Local 2","Seho WASH 1","Seho WASH EMCOMM"
"61","61-DMR Simplex","145.510 DigSimp|145.790 DigSimp|433.450 DigSimp|441.000 DigSimp|446.075 DigSimp|446.500 DigSimp","433.450 DigSimp","145.510 DigSimp"
"62","62-Analog Data","145.5800|147.5600|145.0200|144.9200","145.5800","147.5600"
"63","63-Analog APRS","NtnlCall APRS|14646 APRS|Church APRS|Lookout APRS|Ferndale APRS|Conni-V APRS|Conni-U APRS|Sumas-V APRS|Blaine-V APRS|King-V APRS|King-U APRS|Lyman-V APRS|Lyman-U442.1APRS|Lyman-U444.1APRS","NtnlCall APRS","Church APRS"
"64","64-Digital APRS","APRS WASH TAC|APRS WASH EMCOMM|APRS Local 2|APRS WASH 1","APRS WASH TAC","APRS WASH EMCOMM"
